,Training Set,Test Set
MSE,51070.91256907864,64004.72054531732
RMSE,225.98874434156812,252.99154243831418
MAE,156.26514604983356,172.91647639547975
R2,0.9172920834091909,0.8798067704521916
